date,day,remaining_days,increment_percent,increment_value,projected_balance,actual_balance,difference,difference_percent,daily_change
2025-03-20,0,1002,0.0051,-,1_250_361.00,-,-,-,-
2025-03-21,1,1001,0.0051,6_376.84,1_256_737.84,-,-,-,-
2025-03-24,2,1000,0.0051,6_409.36,1_263_147.20,-,-,-,-
2025-03-25,3,999,0.0051,6_442.05,1_269_589.25,1_209_188.00,-60_401.25,-4.76%,-
2025-03-26,4,998,0.0051,6_474.91,1_276_064.16,1_189_288.00,-86_776.16,-6.80%,-
2025-03-27,5,997,0.0051,6_507.93,1_282_572.09,-,-,-,-
2025-03-28,6,996,0.0051,6_541.12,1_289_113.20,-,-,-,-
2025-03-31,7,995,0.0051,6_574.48,1_295_687.68,1_039_463.00,-256_224.68,-19.78%,-
2025-04-01,8,994,0.0051,6_608.01,1_302_295.69,-,-,-,-
2025-04-02,9,993,0.0051,6_641.71,1_308_937.40,-,-,-,-
2025-04-03,10,992,0.0051,6_675.58,1_315_612.98,-,-,-,-
2025-04-04,11,991,0.0051,6_709.63,1_322_322.60,-,-,-,-
2025-04-07,12,990,0.0051,6_743.85,1_329_066.45,-,-,-,-
2025-04-08,13,989,0.0051,6_778.24,1_335_844.69,-,-,-,-
2025-04-09,14,988,0.0051,6_812.81,1_342_657.50,-,-,-,-
2025-04-10,15,987,0.0051,6_847.55,1_349_505.05,-,-,-,-
2025-04-11,16,986,0.0051,6_882.48,1_356_387.53,-,-,-,-
2025-04-14,17,985,0.0051,6_917.58,1_363_305.10,-,-,-,-
2025-04-15,18,984,0.0051,6_952.86,1_370_257.96,-,-,-,-
2025-04-16,19,983,0.0051,6_988.32,1_377_246.27,-,-,-,-
2025-04-17,20,982,0.0051,7_023.96,1_384_270.23,-,-,-,-
2025-04-18,21,981,0.0051,7_059.78,1_391_330.01,-,-,-,-
2025-04-21,22,980,0.0051,7_095.78,1_398_425.79,-,-,-,-
2025-04-22,23,979,0.0051,7_131.97,1_405_557.76,-,-,-,-
2025-04-23,24,978,0.0051,7_168.34,1_412_726.11,-,-,-,-
2025-04-24,25,977,0.0051,7_204.90,1_419_931.01,-,-,-,-
2025-04-25,26,976,0.0051,7_241.65,1_427_172.66,-,-,-,-
2025-04-28,27,975,0.0051,7_278.58,1_434_451.24,-,-,-,-
2025-04-29,28,974,0.0051,7_315.70,1_441_766.94,-,-,-,-
2025-04-30,29,973,0.0051,7_353.01,1_449_119.95,-,-,-,-
2025-05-01,30,972,0.0051,7_390.51,1_456_510.46,-,-,-,-
2025-05-02,31,971,0.0051,7_428.20,1_463_938.67,-,-,-,-
2025-05-05,32,970,0.0051,7_466.09,1_471_404.75,-,-,-,-
2025-05-06,33,969,0.0051,7_504.16,1_478_908.92,-,-,-,-
2025-05-07,34,968,0.0051,7_542.44,1_486_451.35,-,-,-,-
2025-05-08,35,967,0.0051,7_580.90,1_494_032.26,-,-,-,-
2025-05-09,36,966,0.0051,7_619.56,1_501_651.82,-,-,-,-
2025-05-12,37,965,0.0051,7_658.42,1_509_310.24,-,-,-,-
2025-05-13,38,964,0.0051,7_697.48,1_517_007.73,-,-,-,-
2025-05-14,39,963,0.0051,7_736.74,1_524_744.47,-,-,-,-
2025-05-15,40,962,0.0051,7_776.20,1_532_520.66,-,-,-,-
2025-05-16,41,961,0.0051,7_815.86,1_540_336.52,-,-,-,-
2025-05-19,42,960,0.0051,7_855.72,1_548_192.23,-,-,-,-
2025-05-20,43,959,0.0051,7_895.78,1_556_088.01,-,-,-,-
2025-05-21,44,958,0.0051,7_936.05,1_564_024.06,-,-,-,-
2025-05-22,45,957,0.0051,7_976.52,1_572_000.59,-,-,-,-
2025-05-23,46,956,0.0051,8_017.20,1_580_017.79,-,-,-,-
2025-05-26,47,955,0.0051,8_058.09,1_588_075.88,-,-,-,-
2025-05-27,48,954,0.0051,8_099.19,1_596_175.07,-,-,-,-
2025-05-28,49,953,0.0051,8_140.49,1_604_315.56,-,-,-,-
2025-05-29,50,952,0.0051,8_182.01,1_612_497.57,-,-,-,-
2025-05-30,51,951,0.0051,8_223.74,1_620_721.31,-,-,-,-
2025-06-02,52,950,0.0051,8_265.68,1_628_986.99,-,-,-,-
2025-06-03,53,949,0.0051,8_307.83,1_637_294.82,-,-,-,-
2025-06-04,54,948,0.0051,8_350.20,1_645_645.02,-,-,-,-
2025-06-05,55,947,0.0051,8_392.79,1_654_037.81,-,-,-,-
2025-06-06,56,946,0.0051,8_435.59,1_662_473.40,-,-,-,-
2025-06-09,57,945,0.0051,8_478.61,1_670_952.02,-,-,-,-
2025-06-10,58,944,0.0051,8_521.86,1_679_473.87,-,-,-,-
2025-06-11,59,943,0.0051,8_565.32,1_688_039.19,-,-,-,-
2025-06-12,60,942,0.0051,8_609.00,1_696_648.19,-,-,-,-
2025-06-13,61,941,0.0051,8_652.91,1_705_301.10,-,-,-,-
2025-06-16,62,940,0.0051,8_697.04,1_713_998.13,-,-,-,-
2025-06-17,63,939,0.0051,8_741.39,1_722_739.52,-,-,-,-
2025-06-18,64,938,0.0051,8_785.97,1_731_525.49,-,-,-,-
2025-06-19,65,937,0.0051,8_830.78,1_740_356.27,-,-,-,-
2025-06-20,66,936,0.0051,8_875.82,1_749_232.09,-,-,-,-
2025-06-23,67,935,0.0051,8_921.08,1_758_153.18,-,-,-,-
2025-06-24,68,934,0.0051,8_966.58,1_767_119.76,-,-,-,-
2025-06-25,69,933,0.0051,9_012.31,1_776_132.07,-,-,-,-
2025-06-26,70,932,0.0051,9_058.27,1_785_190.34,-,-,-,-
2025-06-27,71,931,0.0051,9_104.47,1_794_294.81,-,-,-,-
2025-06-30,72,930,0.0051,9_150.90,1_803_445.72,-,-,-,-
2025-07-01,73,929,0.0051,9_197.57,1_812_643.29,-,-,-,-
2025-07-02,74,928,0.0051,9_244.48,1_821_887.77,-,-,-,-
2025-07-03,75,927,0.0051,9_291.63,1_831_179.40,-,-,-,-
2025-07-04,76,926,0.0051,9_339.01,1_840_518.41,-,-,-,-
2025-07-07,77,925,0.0051,9_386.64,1_849_905.06,-,-,-,-
2025-07-08,78,924,0.0051,9_434.52,1_859_339.57,-,-,-,-
2025-07-09,79,923,0.0051,9_482.63,1_868_822.20,-,-,-,-
2025-07-10,80,922,0.0051,9_530.99,1_878_353.20,-,-,-,-
2025-07-11,81,921,0.0051,9_579.60,1_887_932.80,-,-,-,-
2025-07-14,82,920,0.0051,9_628.46,1_897_561.25,-,-,-,-
2025-07-15,83,919,0.0051,9_677.56,1_907_238.82,-,-,-,-
2025-07-16,84,918,0.0051,9_726.92,1_916_965.74,-,-,-,-
2025-07-17,85,917,0.0051,9_776.53,1_926_742.26,-,-,-,-
2025-07-18,86,916,0.0051,9_826.39,1_936_568.65,-,-,-,-
2025-07-21,87,915,0.0051,9_876.50,1_946_445.15,-,-,-,-
2025-07-22,88,914,0.0051,9_926.87,1_956_372.02,-,-,-,-
2025-07-23,89,913,0.0051,9_977.50,1_966_349.51,-,-,-,-
2025-07-24,90,912,0.0051,10_028.38,1_976_377.90,-,-,-,-
2025-07-25,91,911,0.0051,10_079.53,1_986_457.42,-,-,-,-
2025-07-28,92,910,0.0051,10_130.93,1_996_588.36,-,-,-,-
2025-07-29,93,909,0.0051,10_182.60,2_006_770.96,-,-,-,-
2025-07-30,94,908,0.0051,10_234.53,2_017_005.49,-,-,-,-
2025-07-31,95,907,0.0051,10_286.73,2_027_292.22,-,-,-,-
2025-08-01,96,906,0.0051,10_339.19,2_037_631.41,-,-,-,-
2025-08-04,97,905,0.0051,10_391.92,2_048_023.33,-,-,-,-
2025-08-05,98,904,0.0051,10_444.92,2_058_468.25,-,-,-,-
2025-08-06,99,903,0.0051,10_498.19,2_068_966.43,-,-,-,-
2025-08-07,100,902,0.0051,10_551.73,2_079_518.16,-,-,-,-
2025-08-08,101,901,0.0051,10_605.54,2_090_123.71,-,-,-,-
2025-08-11,102,900,0.0051,10_659.63,2_100_783.34,-,-,-,-
2025-08-12,103,899,0.0051,10_714.00,2_111_497.33,-,-,-,-
2025-08-13,104,898,0.0051,10_768.64,2_122_265.97,-,-,-,-
2025-08-14,105,897,0.0051,10_823.56,2_133_089.52,-,-,-,-
2025-08-15,106,896,0.0051,10_878.76,2_143_968.28,-,-,-,-
2025-08-18,107,895,0.0051,10_934.24,2_154_902.52,-,-,-,-
2025-08-19,108,894,0.0051,10_990.00,2_165_892.52,-,-,-,-
2025-08-20,109,893,0.0051,11_046.05,2_176_938.57,-,-,-,-
2025-08-21,110,892,0.0051,11_102.39,2_188_040.96,-,-,-,-
2025-08-22,111,891,0.0051,11_159.01,2_199_199.97,-,-,-,-
2025-08-25,112,890,0.0051,11_215.92,2_210_415.89,-,-,-,-
2025-08-26,113,889,0.0051,11_273.12,2_221_689.01,-,-,-,-
2025-08-27,114,888,0.0051,11_330.61,2_233_019.62,-,-,-,-
2025-08-28,115,887,0.0051,11_388.40,2_244_408.02,-,-,-,-
2025-08-29,116,886,0.0051,11_446.48,2_255_854.51,-,-,-,-
2025-09-01,117,885,0.0051,11_504.86,2_267_359.36,-,-,-,-
2025-09-02,118,884,0.0051,11_563.53,2_278_922.90,-,-,-,-
2025-09-03,119,883,0.0051,11_622.51,2_290_545.40,-,-,-,-
2025-09-04,120,882,0.0051,11_681.78,2_302_227.18,-,-,-,-
2025-09-05,121,881,0.0051,11_741.36,2_313_968.54,-,-,-,-
2025-09-08,122,880,0.0051,11_801.24,2_325_769.78,-,-,-,-
2025-09-09,123,879,0.0051,11_861.43,2_337_631.21,-,-,-,-
2025-09-10,124,878,0.0051,11_921.92,2_349_553.13,-,-,-,-
2025-09-11,125,877,0.0051,11_982.72,2_361_535.85,-,-,-,-
2025-09-12,126,876,0.0051,12_043.83,2_373_579.68,-,-,-,-
2025-09-15,127,875,0.0051,12_105.26,2_385_684.94,-,-,-,-
2025-09-16,128,874,0.0051,12_166.99,2_397_851.93,-,-,-,-
2025-09-17,129,873,0.0051,12_229.04,2_410_080.98,-,-,-,-
2025-09-18,130,872,0.0051,12_291.41,2_422_372.39,-,-,-,-
2025-09-19,131,871,0.0051,12_354.10,2_434_726.49,-,-,-,-
2025-09-22,132,870,0.0051,12_417.11,2_447_143.59,-,-,-,-
2025-09-23,133,869,0.0051,12_480.43,2_459_624.03,-,-,-,-
2025-09-24,134,868,0.0051,12_544.08,2_472_168.11,-,-,-,-
2025-09-25,135,867,0.0051,12_608.06,2_484_776.17,-,-,-,-
2025-09-26,136,866,0.0051,12_672.36,2_497_448.52,-,-,-,-
2025-09-29,137,865,0.0051,12_736.99,2_510_185.51,-,-,-,-
2025-09-30,138,864,0.0051,12_801.95,2_522_987.46,-,-,-,-
2025-10-01,139,863,0.0051,12_867.24,2_535_854.69,-,-,-,-
2025-10-02,140,862,0.0051,12_932.86,2_548_787.55,-,-,-,-
2025-10-03,141,861,0.0051,12_998.82,2_561_786.37,-,-,-,-
2025-10-06,142,860,0.0051,13_065.11,2_574_851.48,-,-,-,-
2025-10-07,143,859,0.0051,13_131.74,2_587_983.22,-,-,-,-
2025-10-08,144,858,0.0051,13_198.71,2_601_181.94,-,-,-,-
2025-10-09,145,857,0.0051,13_266.03,2_614_447.96,-,-,-,-
2025-10-10,146,856,0.0051,13_333.68,2_627_781.65,-,-,-,-
2025-10-13,147,855,0.0051,13_401.69,2_641_183.34,-,-,-,-
2025-10-14,148,854,0.0051,13_470.04,2_654_653.37,-,-,-,-
2025-10-15,149,853,0.0051,13_538.73,2_668_192.10,-,-,-,-
2025-10-16,150,852,0.0051,13_607.78,2_681_799.88,-,-,-,-
2025-10-17,151,851,0.0051,13_677.18,2_695_477.06,-,-,-,-
2025-10-20,152,850,0.0051,13_746.93,2_709_223.99,-,-,-,-
2025-10-21,153,849,0.0051,13_817.04,2_723_041.04,-,-,-,-
2025-10-22,154,848,0.0051,13_887.51,2_736_928.55,-,-,-,-
2025-10-23,155,847,0.0051,13_958.34,2_750_886.88,-,-,-,-
2025-10-24,156,846,0.0051,14_029.52,2_764_916.40,-,-,-,-
2025-10-27,157,845,0.0051,14_101.07,2_779_017.48,-,-,-,-
2025-10-28,158,844,0.0051,14_172.99,2_793_190.47,-,-,-,-
2025-10-29,159,843,0.0051,14_245.27,2_807_435.74,-,-,-,-
2025-10-30,160,842,0.0051,14_317.92,2_821_753.66,-,-,-,-
2025-10-31,161,841,0.0051,14_390.94,2_836_144.60,-,-,-,-
2025-11-03,162,840,0.0051,14_464.34,2_850_608.94,-,-,-,-
2025-11-04,163,839,0.0051,14_538.11,2_865_147.05,-,-,-,-
2025-11-05,164,838,0.0051,14_612.25,2_879_759.30,-,-,-,-
2025-11-06,165,837,0.0051,14_686.77,2_894_446.07,-,-,-,-
2025-11-07,166,836,0.0051,14_761.67,2_909_207.75,-,-,-,-
2025-11-10,167,835,0.0051,14_836.96,2_924_044.70,-,-,-,-
2025-11-11,168,834,0.0051,14_912.63,2_938_957.33,-,-,-,-
2025-11-12,169,833,0.0051,14_988.68,2_953_946.02,-,-,-,-
2025-11-13,170,832,0.0051,15_065.12,2_969_011.14,-,-,-,-
2025-11-14,171,831,0.0051,15_141.96,2_984_153.10,-,-,-,-
2025-11-17,172,830,0.0051,15_219.18,2_999_372.28,-,-,-,-
2025-11-18,173,829,0.0051,15_296.80,3_014_669.08,-,-,-,-
2025-11-19,174,828,0.0051,15_374.81,3_030_043.89,-,-,-,-
2025-11-20,175,827,0.0051,15_453.22,3_045_497.11,-,-,-,-
2025-11-21,176,826,0.0051,15_532.04,3_061_029.15,-,-,-,-
2025-11-24,177,825,0.0051,15_611.25,3_076_640.40,-,-,-,-
2025-11-25,178,824,0.0051,15_690.87,3_092_331.26,-,-,-,-
2025-11-26,179,823,0.0051,15_770.89,3_108_102.15,-,-,-,-
2025-11-27,180,822,0.0051,15_851.32,3_123_953.47,-,-,-,-
2025-11-28,181,821,0.0051,15_932.16,3_139_885.64,-,-,-,-
2025-12-01,182,820,0.0051,16_013.42,3_155_899.05,-,-,-,-
2025-12-02,183,819,0.0051,16_095.09,3_171_994.14,-,-,-,-
2025-12-03,184,818,0.0051,16_177.17,3_188_171.31,-,-,-,-
2025-12-04,185,817,0.0051,16_259.67,3_204_430.98,-,-,-,-
2025-12-05,186,816,0.0051,16_342.60,3_220_773.58,-,-,-,-
2025-12-08,187,815,0.0051,16_425.95,3_237_199.52,-,-,-,-
2025-12-09,188,814,0.0051,16_509.72,3_253_709.24,-,-,-,-
2025-12-10,189,813,0.0051,16_593.92,3_270_303.16,-,-,-,-
2025-12-11,190,812,0.0051,16_678.55,3_286_981.71,-,-,-,-
2025-12-12,191,811,0.0051,16_763.61,3_303_745.31,-,-,-,-
2025-12-15,192,810,0.0051,16_849.10,3_320_594.41,-,-,-,-
2025-12-16,193,809,0.0051,16_935.03,3_337_529.44,-,-,-,-
2025-12-17,194,808,0.0051,17_021.40,3_354_550.84,-,-,-,-
2025-12-18,195,807,0.0051,17_108.21,3_371_659.05,-,-,-,-
2025-12-19,196,806,0.0051,17_195.46,3_388_854.52,-,-,-,-
2025-12-22,197,805,0.0051,17_283.16,3_406_137.67,-,-,-,-
2025-12-23,198,804,0.0051,17_371.30,3_423_508.98,-,-,-,-
2025-12-24,199,803,0.0051,17_459.90,3_440_968.87,-,-,-,-
2025-12-25,200,802,0.0051,17_548.94,3_458_517.81,-,-,-,-
2025-12-26,201,801,0.0051,17_638.44,3_476_156.25,-,-,-,-
2025-12-29,202,800,0.0051,17_728.40,3_493_884.65,-,-,-,-
2025-12-30,203,799,0.0051,17_818.81,3_511_703.46,-,-,-,-
2025-12-31,204,798,0.0051,17_909.69,3_529_613.15,-,-,-,-
2026-01-01,205,797,0.0051,18_001.03,3_547_614.18,-,-,-,-
2026-01-02,206,796,0.0051,18_092.83,3_565_707.01,-,-,-,-
2026-01-05,207,795,0.0051,18_185.11,3_583_892.11,-,-,-,-
2026-01-06,208,794,0.0051,18_277.85,3_602_169.96,-,-,-,-
2026-01-07,209,793,0.0051,18_371.07,3_620_541.03,-,-,-,-
2026-01-08,210,792,0.0051,18_464.76,3_639_005.79,-,-,-,-
2026-01-09,211,791,0.0051,18_558.93,3_657_564.72,-,-,-,-
2026-01-12,212,790,0.0051,18_653.58,3_676_218.30,-,-,-,-
2026-01-13,213,789,0.0051,18_748.71,3_694_967.01,-,-,-,-
2026-01-14,214,788,0.0051,18_844.33,3_713_811.35,-,-,-,-
2026-01-15,215,787,0.0051,18_940.44,3_732_751.78,-,-,-,-
2026-01-16,216,786,0.0051,19_037.03,3_751_788.82,-,-,-,-
2026-01-19,217,785,0.0051,19_134.12,3_770_922.94,-,-,-,-
2026-01-20,218,784,0.0051,19_231.71,3_790_154.65,-,-,-,-
2026-01-21,219,783,0.0051,19_329.79,3_809_484.44,-,-,-,-
2026-01-22,220,782,0.0051,19_428.37,3_828_912.81,-,-,-,-
2026-01-23,221,781,0.0051,19_527.46,3_848_440.26,-,-,-,-
2026-01-26,222,780,0.0051,19_627.05,3_868_067.31,-,-,-,-
2026-01-27,223,779,0.0051,19_727.14,3_887_794.45,-,-,-,-
2026-01-28,224,778,0.0051,19_827.75,3_907_622.20,-,-,-,-
2026-01-29,225,777,0.0051,19_928.87,3_927_551.08,-,-,-,-
2026-01-30,226,776,0.0051,20_030.51,3_947_581.59,-,-,-,-
2026-02-02,227,775,0.0051,20_132.67,3_967_714.25,-,-,-,-
2026-02-03,228,774,0.0051,20_235.34,3_987_949.59,-,-,-,-
2026-02-04,229,773,0.0051,20_338.54,4_008_288.14,-,-,-,-
2026-02-05,230,772,0.0051,20_442.27,4_028_730.41,-,-,-,-
2026-02-06,231,771,0.0051,20_546.53,4_049_276.93,-,-,-,-
2026-02-09,232,770,0.0051,20_651.31,4_069_928.24,-,-,-,-
2026-02-10,233,769,0.0051,20_756.63,4_090_684.88,-,-,-,-
2026-02-11,234,768,0.0051,20_862.49,4_111_547.37,-,-,-,-
2026-02-12,235,767,0.0051,20_968.89,4_132_516.26,-,-,-,-
2026-02-13,236,766,0.0051,21_075.83,4_153_592.10,-,-,-,-
2026-02-16,237,765,0.0051,21_183.32,4_174_775.42,-,-,-,-
2026-02-17,238,764,0.0051,21_291.35,4_196_066.77,-,-,-,-
2026-02-18,239,763,0.0051,21_399.94,4_217_466.71,-,-,-,-
2026-02-19,240,762,0.0051,21_509.08,4_238_975.79,-,-,-,-
2026-02-20,241,761,0.0051,21_618.78,4_260_594.57,-,-,-,-
2026-02-23,242,760,0.0051,21_729.03,4_282_323.60,-,-,-,-
2026-02-24,243,759,0.0051,21_839.85,4_304_163.45,-,-,-,-
2026-02-25,244,758,0.0051,21_951.23,4_326_114.68,-,-,-,-
2026-02-26,245,757,0.0051,22_063.18,4_348_177.87,-,-,-,-
2026-02-27,246,756,0.0051,22_175.71,4_370_353.58,-,-,-,-
2026-03-02,247,755,0.0051,22_288.80,4_392_642.38,-,-,-,-
2026-03-03,248,754,0.0051,22_402.48,4_415_044.85,-,-,-,-
2026-03-04,249,753,0.0051,22_516.73,4_437_561.58,-,-,-,-
2026-03-05,250,752,0.0051,22_631.56,4_460_193.15,-,-,-,-
2026-03-06,251,751,0.0051,22_746.99,4_482_940.13,-,-,-,-
2026-03-09,252,750,0.0051,22_862.99,4_505_803.13,-,-,-,-
2026-03-10,253,749,0.0051,22_979.60,4_528_782.72,-,-,-,-
2026-03-11,254,748,0.0051,23_096.79,4_551_879.52,-,-,-,-
2026-03-12,255,747,0.0051,23_214.59,4_575_094.10,-,-,-,-
2026-03-13,256,746,0.0051,23_332.98,4_598_427.08,-,-,-,-
2026-03-16,257,745,0.0051,23_451.98,4_621_879.06,-,-,-,-
2026-03-17,258,744,0.0051,23_571.58,4_645_450.64,-,-,-,-
2026-03-18,259,743,0.0051,23_691.80,4_669_142.44,-,-,-,-
2026-03-19,260,742,0.0051,23_812.63,4_692_955.07,-,-,-,-
2026-03-20,261,741,0.0051,23_934.07,4_716_889.14,-,-,-,-
2026-03-23,262,740,0.0051,24_056.13,4_740_945.27,-,-,-,-
2026-03-24,263,739,0.0051,24_178.82,4_765_124.09,-,-,-,-
2026-03-25,264,738,0.0051,24_302.13,4_789_426.23,-,-,-,-
2026-03-26,265,737,0.0051,24_426.07,4_813_852.30,-,-,-,-
2026-03-27,266,736,0.0051,24_550.65,4_838_402.95,-,-,-,-
2026-03-30,267,735,0.0051,24_675.86,4_863_078.80,-,-,-,-
2026-03-31,268,734,0.0051,24_801.70,4_887_880.50,-,-,-,-
2026-04-01,269,733,0.0051,24_928.19,4_912_808.69,-,-,-,-
2026-04-02,270,732,0.0051,25_055.32,4_937_864.02,-,-,-,-
2026-04-03,271,731,0.0051,25_183.11,4_963_047.12,-,-,-,-
2026-04-06,272,730,0.0051,25_311.54,4_988_358.67,-,-,-,-
2026-04-07,273,729,0.0051,25_440.63,5_013_799.29,-,-,-,-
2026-04-08,274,728,0.0051,25_570.38,5_039_369.67,-,-,-,-
2026-04-09,275,727,0.0051,25_700.79,5_065_070.46,-,-,-,-
2026-04-10,276,726,0.0051,25_831.86,5_090_902.32,-,-,-,-
2026-04-13,277,725,0.0051,25_963.60,5_116_865.92,-,-,-,-
2026-04-14,278,724,0.0051,26_096.02,5_142_961.93,-,-,-,-
2026-04-15,279,723,0.0051,26_229.11,5_169_191.04,-,-,-,-
2026-04-16,280,722,0.0051,26_362.87,5_195_553.91,-,-,-,-
2026-04-17,281,721,0.0051,26_497.32,5_222_051.24,-,-,-,-
2026-04-20,282,720,0.0051,26_632.46,5_248_683.70,-,-,-,-
2026-04-21,283,719,0.0051,26_768.29,5_275_451.99,-,-,-,-
2026-04-22,284,718,0.0051,26_904.81,5_302_356.79,-,-,-,-
2026-04-23,285,717,0.0051,27_042.02,5_329_398.81,-,-,-,-
2026-04-24,286,716,0.0051,27_179.93,5_356_578.75,-,-,-,-
2026-04-27,287,715,0.0051,27_318.55,5_383_897.30,-,-,-,-
2026-04-28,288,714,0.0051,27_457.88,5_411_355.17,-,-,-,-
2026-04-29,289,713,0.0051,27_597.91,5_438_953.08,-,-,-,-
2026-04-30,290,712,0.0051,27_738.66,5_466_691.75,-,-,-,-
2026-05-01,291,711,0.0051,27_880.13,5_494_571.87,-,-,-,-
2026-05-04,292,710,0.0051,28_022.32,5_522_594.19,-,-,-,-
2026-05-05,293,709,0.0051,28_165.23,5_550_759.42,-,-,-,-
2026-05-06,294,708,0.0051,28_308.87,5_579_068.29,-,-,-,-
2026-05-07,295,707,0.0051,28_453.25,5_607_521.54,-,-,-,-
2026-05-08,296,706,0.0051,28_598.36,5_636_119.90,-,-,-,-
2026-05-11,297,705,0.0051,28_744.21,5_664_864.11,-,-,-,-
2026-05-12,298,704,0.0051,28_890.81,5_693_754.92,-,-,-,-
2026-05-13,299,703,0.0051,29_038.15,5_722_793.07,-,-,-,-
2026-05-14,300,702,0.0051,29_186.24,5_751_979.31,-,-,-,-
2026-05-15,301,701,0.0051,29_335.09,5_781_314.41,-,-,-,-
2026-05-18,302,700,0.0051,29_484.70,5_810_799.11,-,-,-,-
2026-05-19,303,699,0.0051,29_635.08,5_840_434.19,-,-,-,-
2026-05-20,304,698,0.0051,29_786.21,5_870_220.40,-,-,-,-
2026-05-21,305,697,0.0051,29_938.12,5_900_158.53,-,-,-,-
2026-05-22,306,696,0.0051,30_090.81,5_930_249.33,-,-,-,-
2026-05-25,307,695,0.0051,30_244.27,5_960_493.61,-,-,-,-
2026-05-26,308,694,0.0051,30_398.52,5_990_892.12,-,-,-,-
2026-05-27,309,693,0.0051,30_553.55,6_021_445.67,-,-,-,-
2026-05-28,310,692,0.0051,30_709.37,6_052_155.05,-,-,-,-
2026-05-29,311,691,0.0051,30_865.99,6_083_021.04,-,-,-,-
2026-06-01,312,690,0.0051,31_023.41,6_114_044.44,-,-,-,-
2026-06-02,313,689,0.0051,31_181.63,6_145_226.07,-,-,-,-
2026-06-03,314,688,0.0051,31_340.65,6_176_566.72,-,-,-,-
2026-06-04,315,687,0.0051,31_500.49,6_208_067.21,-,-,-,-
2026-06-05,316,686,0.0051,31_661.14,6_239_728.36,-,-,-,-
2026-06-08,317,685,0.0051,31_822.61,6_271_550.97,-,-,-,-
2026-06-09,318,684,0.0051,31_984.91,6_303_535.88,-,-,-,-
2026-06-10,319,683,0.0051,32_148.03,6_335_683.91,-,-,-,-
2026-06-11,320,682,0.0051,32_311.99,6_367_995.90,-,-,-,-
2026-06-12,321,681,0.0051,32_476.78,6_400_472.68,-,-,-,-
2026-06-15,322,680,0.0051,32_642.41,6_433_115.09,-,-,-,-
2026-06-16,323,679,0.0051,32_808.89,6_465_923.98,-,-,-,-
2026-06-17,324,678,0.0051,32_976.21,6_498_900.19,-,-,-,-
2026-06-18,325,677,0.0051,33_144.39,6_532_044.58,-,-,-,-
2026-06-19,326,676,0.0051,33_313.43,6_565_358.01,-,-,-,-
2026-06-22,327,675,0.0051,33_483.33,6_598_841.34,-,-,-,-
2026-06-23,328,674,0.0051,33_654.09,6_632_495.43,-,-,-,-
2026-06-24,329,673,0.0051,33_825.73,6_666_321.15,-,-,-,-
2026-06-25,330,672,0.0051,33_998.24,6_700_319.39,-,-,-,-
2026-06-26,331,671,0.0051,34_171.63,6_734_491.02,-,-,-,-
2026-06-29,332,670,0.0051,34_345.90,6_768_836.92,-,-,-,-
2026-06-30,333,669,0.0051,34_521.07,6_803_357.99,-,-,-,-
2026-07-01,334,668,0.0051,34_697.13,6_838_055.12,-,-,-,-
2026-07-02,335,667,0.0051,34_874.08,6_872_929.20,-,-,-,-
2026-07-03,336,666,0.0051,35_051.94,6_907_981.14,-,-,-,-
2026-07-06,337,665,0.0051,35_230.70,6_943_211.84,-,-,-,-
2026-07-07,338,664,0.0051,35_410.38,6_978_622.22,-,-,-,-
2026-07-08,339,663,0.0051,35_590.97,7_014_213.20,-,-,-,-
2026-07-09,340,662,0.0051,35_772.49,7_049_985.68,-,-,-,-
2026-07-10,341,661,0.0051,35_954.93,7_085_940.61,-,-,-,-
2026-07-13,342,660,0.0051,36_138.30,7_122_078.91,-,-,-,-
2026-07-14,343,659,0.0051,36_322.60,7_158_401.51,-,-,-,-
2026-07-15,344,658,0.0051,36_507.85,7_194_909.36,-,-,-,-
2026-07-16,345,657,0.0051,36_694.04,7_231_603.40,-,-,-,-
2026-07-17,346,656,0.0051,36_881.18,7_268_484.57,-,-,-,-
2026-07-20,347,655,0.0051,37_069.27,7_305_553.84,-,-,-,-
2026-07-21,348,654,0.0051,37_258.32,7_342_812.17,-,-,-,-
2026-07-22,349,653,0.0051,37_448.34,7_380_260.51,-,-,-,-
2026-07-23,350,652,0.0051,37_639.33,7_417_899.84,-,-,-,-
2026-07-24,351,651,0.0051,37_831.29,7_455_731.13,-,-,-,-
2026-07-27,352,650,0.0051,38_024.23,7_493_755.36,-,-,-,-
2026-07-28,353,649,0.0051,38_218.15,7_531_973.51,-,-,-,-
2026-07-29,354,648,0.0051,38_413.06,7_570_386.57,-,-,-,-
2026-07-30,355,647,0.0051,38_608.97,7_608_995.55,-,-,-,-
2026-07-31,356,646,0.0051,38_805.88,7_647_801.42,-,-,-,-
2026-08-03,357,645,0.0051,39_003.79,7_686_805.21,-,-,-,-
2026-08-04,358,644,0.0051,39_202.71,7_726_007.92,-,-,-,-
2026-08-05,359,643,0.0051,39_402.64,7_765_410.56,-,-,-,-
2026-08-06,360,642,0.0051,39_603.59,7_805_014.15,-,-,-,-
2026-08-07,361,641,0.0051,39_805.57,7_844_819.72,-,-,-,-
2026-08-10,362,640,0.0051,40_008.58,7_884_828.30,-,-,-,-
2026-08-11,363,639,0.0051,40_212.62,7_925_040.93,-,-,-,-
2026-08-12,364,638,0.0051,40_417.71,7_965_458.64,-,-,-,-
2026-08-13,365,637,0.0051,40_623.84,8_006_082.48,-,-,-,-
2026-08-14,366,636,0.0051,40_831.02,8_046_913.50,-,-,-,-
2026-08-17,367,635,0.0051,41_039.26,8_087_952.76,-,-,-,-
2026-08-18,368,634,0.0051,41_248.56,8_129_201.31,-,-,-,-
2026-08-19,369,633,0.0051,41_458.93,8_170_660.24,-,-,-,-
2026-08-20,370,632,0.0051,41_670.37,8_212_330.61,-,-,-,-
2026-08-21,371,631,0.0051,41_882.89,8_254_213.49,-,-,-,-
2026-08-24,372,630,0.0051,42_096.49,8_296_309.98,-,-,-,-
2026-08-25,373,629,0.0051,42_311.18,8_338_621.16,-,-,-,-
2026-08-26,374,628,0.0051,42_526.97,8_381_148.13,-,-,-,-
2026-08-27,375,627,0.0051,42_743.86,8_423_891.99,-,-,-,-
2026-08-28,376,626,0.0051,42_961.85,8_466_853.84,-,-,-,-
2026-08-31,377,625,0.0051,43_180.95,8_510_034.79,-,-,-,-
2026-09-01,378,624,0.0051,43_401.18,8_553_435.97,-,-,-,-
2026-09-02,379,623,0.0051,43_622.52,8_597_058.49,-,-,-,-
2026-09-03,380,622,0.0051,43_845.00,8_640_903.49,-,-,-,-
2026-09-04,381,621,0.0051,44_068.61,8_684_972.10,-,-,-,-
2026-09-07,382,620,0.0051,44_293.36,8_729_265.46,-,-,-,-
2026-09-08,383,619,0.0051,44_519.25,8_773_784.71,-,-,-,-
2026-09-09,384,618,0.0051,44_746.30,8_818_531.01,-,-,-,-
2026-09-10,385,617,0.0051,44_974.51,8_863_505.52,-,-,-,-
2026-09-11,386,616,0.0051,45_203.88,8_908_709.40,-,-,-,-
2026-09-14,387,615,0.0051,45_434.42,8_954_143.82,-,-,-,-
2026-09-15,388,614,0.0051,45_666.13,8_999_809.95,-,-,-,-
2026-09-16,389,613,0.0051,45_899.03,9_045_708.98,-,-,-,-
2026-09-17,390,612,0.0051,46_133.12,9_091_842.10,-,-,-,-
2026-09-18,391,611,0.0051,46_368.39,9_138_210.49,-,-,-,-
2026-09-21,392,610,0.0051,46_604.87,9_184_815.36,-,-,-,-
2026-09-22,393,609,0.0051,46_842.56,9_231_657.92,-,-,-,-
2026-09-23,394,608,0.0051,47_081.46,9_278_739.38,-,-,-,-
2026-09-24,395,607,0.0051,47_321.57,9_326_060.95,-,-,-,-
2026-09-25,396,606,0.0051,47_562.91,9_373_623.86,-,-,-,-
2026-09-28,397,605,0.0051,47_805.48,9_421_429.34,-,-,-,-
2026-09-29,398,604,0.0051,48_049.29,9_469_478.63,-,-,-,-
2026-09-30,399,603,0.0051,48_294.34,9_517_772.97,-,-,-,-
2026-10-01,400,602,0.0051,48_540.64,9_566_313.61,-,-,-,-
2026-10-02,401,601,0.0051,48_788.20,9_615_101.81,-,-,-,-
2026-10-05,402,600,0.0051,49_037.02,9_664_138.83,-,-,-,-
2026-10-06,403,599,0.0051,49_287.11,9_713_425.94,-,-,-,-
2026-10-07,404,598,0.0051,49_538.47,9_762_964.41,-,-,-,-
2026-10-08,405,597,0.0051,49_791.12,9_812_755.53,-,-,-,-
2026-10-09,406,596,0.0051,50_045.05,9_862_800.59,-,-,-,-
2026-10-12,407,595,0.0051,50_300.28,9_913_100.87,-,-,-,-
2026-10-13,408,594,0.0051,50_556.81,9_963_657.68,-,-,-,-
2026-10-14,409,593,0.0051,50_814.65,10_014_472.34,-,-,-,-
2026-10-15,410,592,0.0051,51_073.81,10_065_546.15,-,-,-,-
2026-10-16,411,591,0.0051,51_334.29,10_116_880.43,-,-,-,-
2026-10-19,412,590,0.0051,51_596.09,10_168_476.52,-,-,-,-
2026-10-20,413,589,0.0051,51_859.23,10_220_335.75,-,-,-,-
2026-10-21,414,588,0.0051,52_123.71,10_272_459.46,-,-,-,-
2026-10-22,415,587,0.0051,52_389.54,10_324_849.01,-,-,-,-
2026-10-23,416,586,0.0051,52_656.73,10_377_505.74,-,-,-,-
2026-10-26,417,585,0.0051,52_925.28,10_430_431.02,-,-,-,-
2026-10-27,418,584,0.0051,53_195.20,10_483_626.21,-,-,-,-
2026-10-28,419,583,0.0051,53_466.49,10_537_092.71,-,-,-,-
2026-10-29,420,582,0.0051,53_739.17,10_590_831.88,-,-,-,-
2026-10-30,421,581,0.0051,54_013.24,10_644_845.12,-,-,-,-
2026-11-02,422,580,0.0051,54_288.71,10_699_133.83,-,-,-,-
2026-11-03,423,579,0.0051,54_565.58,10_753_699.42,-,-,-,-
2026-11-04,424,578,0.0051,54_843.87,10_808_543.28,-,-,-,-
2026-11-05,425,577,0.0051,55_123.57,10_863_666.85,-,-,-,-
2026-11-06,426,576,0.0051,55_404.70,10_919_071.56,-,-,-,-
2026-11-09,427,575,0.0051,55_687.26,10_974_758.82,-,-,-,-
2026-11-10,428,574,0.0051,55_971.27,11_030_730.09,-,-,-,-
2026-11-11,429,573,0.0051,56_256.72,11_086_986.81,-,-,-,-
2026-11-12,430,572,0.0051,56_543.63,11_143_530.45,-,-,-,-
2026-11-13,431,571,0.0051,56_832.01,11_200_362.45,-,-,-,-
2026-11-16,432,570,0.0051,57_121.85,11_257_484.30,-,-,-,-
2026-11-17,433,569,0.0051,57_413.17,11_314_897.47,-,-,-,-
2026-11-18,434,568,0.0051,57_705.98,11_372_603.45,-,-,-,-
2026-11-19,435,567,0.0051,58_000.28,11_430_603.72,-,-,-,-
2026-11-20,436,566,0.0051,58_296.08,11_488_899.80,-,-,-,-
2026-11-23,437,565,0.0051,58_593.39,11_547_493.19,-,-,-,-
2026-11-24,438,564,0.0051,58_892.22,11_606_385.41,-,-,-,-
2026-11-25,439,563,0.0051,59_192.57,11_665_577.97,-,-,-,-
2026-11-26,440,562,0.0051,59_494.45,11_725_072.42,-,-,-,-
2026-11-27,441,561,0.0051,59_797.87,11_784_870.29,-,-,-,-
2026-11-30,442,560,0.0051,60_102.84,11_844_973.13,-,-,-,-
2026-12-01,443,559,0.0051,60_409.36,11_905_382.49,-,-,-,-
2026-12-02,444,558,0.0051,60_717.45,11_966_099.94,-,-,-,-
2026-12-03,445,557,0.0051,61_027.11,12_027_127.05,-,-,-,-
2026-12-04,446,556,0.0051,61_338.35,12_088_465.40,-,-,-,-
2026-12-07,447,555,0.0051,61_651.17,12_150_116.57,-,-,-,-
2026-12-08,448,554,0.0051,61_965.59,12_212_082.17,-,-,-,-
2026-12-09,449,553,0.0051,62_281.62,12_274_363.79,-,-,-,-
2026-12-10,450,552,0.0051,62_599.26,12_336_963.04,-,-,-,-
2026-12-11,451,551,0.0051,62_918.51,12_399_881.55,-,-,-,-
2026-12-14,452,550,0.0051,63_239.40,12_463_120.95,-,-,-,-
2026-12-15,453,549,0.0051,63_561.92,12_526_682.87,-,-,-,-
2026-12-16,454,548,0.0051,63_886.08,12_590_568.95,-,-,-,-
2026-12-17,455,547,0.0051,64_211.90,12_654_780.85,-,-,-,-
2026-12-18,456,546,0.0051,64_539.38,12_719_320.23,-,-,-,-
2026-12-21,457,545,0.0051,64_868.53,12_784_188.77,-,-,-,-
2026-12-22,458,544,0.0051,65_199.36,12_849_388.13,-,-,-,-
2026-12-23,459,543,0.0051,65_531.88,12_914_920.01,-,-,-,-
2026-12-24,460,542,0.0051,65_866.09,12_980_786.10,-,-,-,-
2026-12-25,461,541,0.0051,66_202.01,13_046_988.11,-,-,-,-
2026-12-28,462,540,0.0051,66_539.64,13_113_527.75,-,-,-,-
2026-12-29,463,539,0.0051,66_878.99,13_180_406.74,-,-,-,-
2026-12-30,464,538,0.0051,67_220.07,13_247_626.82,-,-,-,-
2026-12-31,465,537,0.0051,67_562.90,13_315_189.71,-,-,-,-
2027-01-01,466,536,0.0051,67_907.47,13_383_097.18,-,-,-,-
2027-01-04,467,535,0.0051,68_253.80,13_451_350.98,-,-,-,-
2027-01-05,468,534,0.0051,68_601.89,13_519_952.87,-,-,-,-
2027-01-06,469,533,0.0051,68_951.76,13_588_904.63,-,-,-,-
2027-01-07,470,532,0.0051,69_303.41,13_658_208.04,-,-,-,-
2027-01-08,471,531,0.0051,69_656.86,13_727_864.90,-,-,-,-
2027-01-11,472,530,0.0051,70_012.11,13_797_877.01,-,-,-,-
2027-01-12,473,529,0.0051,70_369.17,13_868_246.18,-,-,-,-
2027-01-13,474,528,0.0051,70_728.06,13_938_974.24,-,-,-,-
2027-01-14,475,527,0.0051,71_088.77,14_010_063.01,-,-,-,-
2027-01-15,476,526,0.0051,71_451.32,14_081_514.33,-,-,-,-
2027-01-18,477,525,0.0051,71_815.72,14_153_330.05,-,-,-,-
2027-01-19,478,524,0.0051,72_181.98,14_225_512.04,-,-,-,-
2027-01-20,479,523,0.0051,72_550.11,14_298_062.15,-,-,-,-
2027-01-21,480,522,0.0051,72_920.12,14_370_982.26,-,-,-,-
2027-01-22,481,521,0.0051,73_292.01,14_444_274.27,-,-,-,-
2027-01-25,482,520,0.0051,73_665.80,14_517_940.07,-,-,-,-
2027-01-26,483,519,0.0051,74_041.49,14_591_981.57,-,-,-,-
2027-01-27,484,518,0.0051,74_419.11,14_666_400.67,-,-,-,-
2027-01-28,485,517,0.0051,74_798.64,14_741_199.32,-,-,-,-
2027-01-29,486,516,0.0051,75_180.12,14_816_379.43,-,-,-,-
2027-02-01,487,515,0.0051,75_563.54,14_891_942.97,-,-,-,-
2027-02-02,488,514,0.0051,75_948.91,14_967_891.88,-,-,-,-
2027-02-03,489,513,0.0051,76_336.25,15_044_228.13,-,-,-,-
2027-02-04,490,512,0.0051,76_725.56,15_120_953.69,-,-,-,-
2027-02-05,491,511,0.0051,77_116.86,15_198_070.55,-,-,-,-
2027-02-08,492,510,0.0051,77_510.16,15_275_580.71,-,-,-,-
2027-02-09,493,509,0.0051,77_905.46,15_353_486.17,-,-,-,-
2027-02-10,494,508,0.0051,78_302.78,15_431_788.95,-,-,-,-
2027-02-11,495,507,0.0051,78_702.12,15_510_491.08,-,-,-,-
2027-02-12,496,506,0.0051,79_103.50,15_589_594.58,-,-,-,-
2027-02-15,497,505,0.0051,79_506.93,15_669_101.51,-,-,-,-
2027-02-16,498,504,0.0051,79_912.42,15_749_013.93,-,-,-,-
2027-02-17,499,503,0.0051,80_319.97,15_829_333.90,-,-,-,-
2027-02-18,500,502,0.0051,80_729.60,15_910_063.51,-,-,-,-
2027-02-19,501,501,0.0051,81_141.32,15_991_204.83,-,-,-,-
2027-02-22,502,500,0.0051,81_555.14,16_072_759.97,-,-,-,-
2027-02-23,503,499,0.0051,81_971.08,16_154_731.05,-,-,-,-
2027-02-24,504,498,0.0051,82_389.13,16_237_120.18,-,-,-,-
2027-02-25,505,497,0.0051,82_809.31,16_319_929.49,-,-,-,-
2027-02-26,506,496,0.0051,83_231.64,16_403_161.13,-,-,-,-
2027-03-01,507,495,0.0051,83_656.12,16_486_817.25,-,-,-,-
2027-03-02,508,494,0.0051,84_082.77,16_570_900.02,-,-,-,-
2027-03-03,509,493,0.0051,84_511.59,16_655_411.61,-,-,-,-
2027-03-04,510,492,0.0051,84_942.60,16_740_354.21,-,-,-,-
2027-03-05,511,491,0.0051,85_375.81,16_825_730.02,-,-,-,-
2027-03-08,512,490,0.0051,85_811.22,16_911_541.24,-,-,-,-
2027-03-09,513,489,0.0051,86_248.86,16_997_790.10,-,-,-,-
2027-03-10,514,488,0.0051,86_688.73,17_084_478.83,-,-,-,-
2027-03-11,515,487,0.0051,87_130.84,17_171_609.67,-,-,-,-
2027-03-12,516,486,0.0051,87_575.21,17_259_184.88,-,-,-,-
2027-03-15,517,485,0.0051,88_021.84,17_347_206.72,-,-,-,-
2027-03-16,518,484,0.0051,88_470.75,17_435_677.48,-,-,-,-
2027-03-17,519,483,0.0051,88_921.96,17_524_599.43,-,-,-,-
2027-03-18,520,482,0.0051,89_375.46,17_613_974.89,-,-,-,-
2027-03-19,521,481,0.0051,89_831.27,17_703_806.16,-,-,-,-
2027-03-22,522,480,0.0051,90_289.41,17_794_095.57,-,-,-,-
2027-03-23,523,479,0.0051,90_749.89,17_884_845.46,-,-,-,-
2027-03-24,524,478,0.0051,91_212.71,17_976_058.17,-,-,-,-
2027-03-25,525,477,0.0051,91_677.90,18_067_736.07,-,-,-,-
2027-03-26,526,476,0.0051,92_145.45,18_159_881.52,-,-,-,-
2027-03-29,527,475,0.0051,92_615.40,18_252_496.92,-,-,-,-
2027-03-30,528,474,0.0051,93_087.73,18_345_584.65,-,-,-,-
2027-03-31,529,473,0.0051,93_562.48,18_439_147.14,-,-,-,-
2027-04-01,530,472,0.0051,94_039.65,18_533_186.79,-,-,-,-
2027-04-02,531,471,0.0051,94_519.25,18_627_706.04,-,-,-,-
2027-04-05,532,470,0.0051,95_001.30,18_722_707.34,-,-,-,-
2027-04-06,533,469,0.0051,95_485.81,18_818_193.15,-,-,-,-
2027-04-07,534,468,0.0051,95_972.79,18_914_165.93,-,-,-,-
2027-04-08,535,467,0.0051,96_462.25,19_010_628.18,-,-,-,-
2027-04-09,536,466,0.0051,96_954.20,19_107_582.38,-,-,-,-
2027-04-12,537,465,0.0051,97_448.67,19_205_031.05,-,-,-,-
2027-04-13,538,464,0.0051,97_945.66,19_302_976.71,-,-,-,-
2027-04-14,539,463,0.0051,98_445.18,19_401_421.89,-,-,-,-
2027-04-15,540,462,0.0051,98_947.25,19_500_369.14,-,-,-,-
2027-04-16,541,461,0.0051,99_451.88,19_599_821.03,-,-,-,-
2027-04-19,542,460,0.0051,99_959.09,19_699_780.11,-,-,-,-
2027-04-20,543,459,0.0051,100_468.88,19_800_248.99,-,-,-,-
2027-04-21,544,458,0.0051,100_981.27,19_901_230.26,-,-,-,-
2027-04-22,545,457,0.0051,101_496.27,20_002_726.54,-,-,-,-
2027-04-23,546,456,0.0051,102_013.91,20_104_740.44,-,-,-,-
2027-04-26,547,455,0.0051,102_534.18,20_207_274.62,-,-,-,-
2027-04-27,548,454,0.0051,103_057.10,20_310_331.72,-,-,-,-
2027-04-28,549,453,0.0051,103_582.69,20_413_914.41,-,-,-,-
2027-04-29,550,452,0.0051,104_110.96,20_518_025.37,-,-,-,-
2027-04-30,551,451,0.0051,104_641.93,20_622_667.30,-,-,-,-
2027-05-03,552,450,0.0051,105_175.60,20_727_842.91,-,-,-,-
2027-05-04,553,449,0.0051,105_712.00,20_833_554.91,-,-,-,-
2027-05-05,554,448,0.0051,106_251.13,20_939_806.04,-,-,-,-
2027-05-06,555,447,0.0051,106_793.01,21_046_599.05,-,-,-,-
2027-05-07,556,446,0.0051,107_337.66,21_153_936.70,-,-,-,-
2027-05-10,557,445,0.0051,107_885.08,21_261_821.78,-,-,-,-
2027-05-11,558,444,0.0051,108_435.29,21_370_257.07,-,-,-,-
2027-05-12,559,443,0.0051,108_988.31,21_479_245.38,-,-,-,-
2027-05-13,560,442,0.0051,109_544.15,21_588_789.53,-,-,-,-
2027-05-14,561,441,0.0051,110_102.83,21_698_892.36,-,-,-,-
2027-05-17,562,440,0.0051,110_664.35,21_809_556.71,-,-,-,-
2027-05-18,563,439,0.0051,111_228.74,21_920_785.45,-,-,-,-
2027-05-19,564,438,0.0051,111_796.01,22_032_581.45,-,-,-,-
2027-05-20,565,437,0.0051,112_366.17,22_144_947.62,-,-,-,-
2027-05-21,566,436,0.0051,112_939.23,22_257_886.85,-,-,-,-
2027-05-24,567,435,0.0051,113_515.22,22_371_402.08,-,-,-,-
2027-05-25,568,434,0.0051,114_094.15,22_485_496.23,-,-,-,-
2027-05-26,569,433,0.0051,114_676.03,22_600_172.26,-,-,-,-
2027-05-27,570,432,0.0051,115_260.88,22_715_433.14,-,-,-,-
2027-05-28,571,431,0.0051,115_848.71,22_831_281.84,-,-,-,-
2027-05-31,572,430,0.0051,116_439.54,22_947_721.38,-,-,-,-
2027-06-01,573,429,0.0051,117_033.38,23_064_754.76,-,-,-,-
2027-06-02,574,428,0.0051,117_630.25,23_182_385.01,-,-,-,-
2027-06-03,575,427,0.0051,118_230.16,23_300_615.17,-,-,-,-
2027-06-04,576,426,0.0051,118_833.14,23_419_448.31,-,-,-,-
2027-06-07,577,425,0.0051,119_439.19,23_538_887.50,-,-,-,-
2027-06-08,578,424,0.0051,120_048.33,23_658_935.82,-,-,-,-
2027-06-09,579,423,0.0051,120_660.57,23_779_596.40,-,-,-,-
2027-06-10,580,422,0.0051,121_275.94,23_900_872.34,-,-,-,-
2027-06-11,581,421,0.0051,121_894.45,24_022_766.79,-,-,-,-
2027-06-14,582,420,0.0051,122_516.11,24_145_282.90,-,-,-,-
2027-06-15,583,419,0.0051,123_140.94,24_268_423.84,-,-,-,-
2027-06-16,584,418,0.0051,123_768.96,24_392_192.80,-,-,-,-
2027-06-17,585,417,0.0051,124_400.18,24_516_592.99,-,-,-,-
2027-06-18,586,416,0.0051,125_034.62,24_641_627.61,-,-,-,-
2027-06-21,587,415,0.0051,125_672.30,24_767_299.91,-,-,-,-
2027-06-22,588,414,0.0051,126_313.23,24_893_613.14,-,-,-,-
2027-06-23,589,413,0.0051,126_957.43,25_020_570.57,-,-,-,-
2027-06-24,590,412,0.0051,127_604.91,25_148_175.48,-,-,-,-
2027-06-25,591,411,0.0051,128_255.69,25_276_431.17,-,-,-,-
2027-06-28,592,410,0.0051,128_909.80,25_405_340.97,-,-,-,-
2027-06-29,593,409,0.0051,129_567.24,25_534_908.21,-,-,-,-
2027-06-30,594,408,0.0051,130_228.03,25_665_136.24,-,-,-,-
2027-07-01,595,407,0.0051,130_892.19,25_796_028.44,-,-,-,-
2027-07-02,596,406,0.0051,131_559.75,25_927_588.18,-,-,-,-
2027-07-05,597,405,0.0051,132_230.70,26_059_818.88,-,-,-,-
2027-07-06,598,404,0.0051,132_905.08,26_192_723.96,-,-,-,-
2027-07-07,599,403,0.0051,133_582.89,26_326_306.85,-,-,-,-
2027-07-08,600,402,0.0051,134_264.16,26_460_571.01,-,-,-,-
2027-07-09,601,401,0.0051,134_948.91,26_595_519.93,-,-,-,-
2027-07-12,602,400,0.0051,135_637.15,26_731_157.08,-,-,-,-
2027-07-13,603,399,0.0051,136_328.90,26_867_485.98,-,-,-,-
2027-07-14,604,398,0.0051,137_024.18,27_004_510.16,-,-,-,-
2027-07-15,605,397,0.0051,137_723.00,27_142_233.16,-,-,-,-
2027-07-16,606,396,0.0051,138_425.39,27_280_658.55,-,-,-,-
2027-07-19,607,395,0.0051,139_131.36,27_419_789.91,-,-,-,-
2027-07-20,608,394,0.0051,139_840.93,27_559_630.84,-,-,-,-
2027-07-21,609,393,0.0051,140_554.12,27_700_184.95,-,-,-,-
2027-07-22,610,392,0.0051,141_270.94,27_841_455.90,-,-,-,-
2027-07-23,611,391,0.0051,141_991.43,27_983_447.32,-,-,-,-
2027-07-26,612,390,0.0051,142_715.58,28_126_162.90,-,-,-,-
2027-07-27,613,389,0.0051,143_443.43,28_269_606.33,-,-,-,-
2027-07-28,614,388,0.0051,144_174.99,28_413_781.33,-,-,-,-
2027-07-29,615,387,0.0051,144_910.28,28_558_691.61,-,-,-,-
2027-07-30,616,386,0.0051,145_649.33,28_704_340.94,-,-,-,-
2027-08-02,617,385,0.0051,146_392.14,28_850_733.08,-,-,-,-
2027-08-03,618,384,0.0051,147_138.74,28_997_871.82,-,-,-,-
2027-08-04,619,383,0.0051,147_889.15,29_145_760.96,-,-,-,-
2027-08-05,620,382,0.0051,148_643.38,29_294_404.34,-,-,-,-
2027-08-06,621,381,0.0051,149_401.46,29_443_805.81,-,-,-,-
2027-08-09,622,380,0.0051,150_163.41,29_593_969.21,-,-,-,-
2027-08-10,623,379,0.0051,150_929.24,29_744_898.46,-,-,-,-
2027-08-11,624,378,0.0051,151_698.98,29_896_597.44,-,-,-,-
2027-08-12,625,377,0.0051,152_472.65,30_049_070.09,-,-,-,-
2027-08-13,626,376,0.0051,153_250.26,30_202_320.34,-,-,-,-
2027-08-16,627,375,0.0051,154_031.83,30_356_352.18,-,-,-,-
2027-08-17,628,374,0.0051,154_817.40,30_511_169.57,-,-,-,-
2027-08-18,629,373,0.0051,155_606.96,30_666_776.54,-,-,-,-
2027-08-19,630,372,0.0051,156_400.56,30_823_177.10,-,-,-,-
2027-08-20,631,371,0.0051,157_198.20,30_980_375.30,-,-,-,-
2027-08-23,632,370,0.0051,157_999.91,31_138_375.22,-,-,-,-
2027-08-24,633,369,0.0051,158_805.71,31_297_180.93,-,-,-,-
2027-08-25,634,368,0.0051,159_615.62,31_456_796.55,-,-,-,-
2027-08-26,635,367,0.0051,160_429.66,31_617_226.22,-,-,-,-
2027-08-27,636,366,0.0051,161_247.85,31_778_474.07,-,-,-,-
2027-08-30,637,365,0.0051,162_070.22,31_940_544.29,-,-,-,-
2027-08-31,638,364,0.0051,162_896.78,32_103_441.06,-,-,-,-
2027-09-01,639,363,0.0051,163_727.55,32_267_168.61,-,-,-,-
2027-09-02,640,362,0.0051,164_562.56,32_431_731.17,-,-,-,-
2027-09-03,641,361,0.0051,165_401.83,32_597_133.00,-,-,-,-
2027-09-06,642,360,0.0051,166_245.38,32_763_378.38,-,-,-,-
2027-09-07,643,359,0.0051,167_093.23,32_930_471.61,-,-,-,-
2027-09-08,644,358,0.0051,167_945.41,33_098_417.01,-,-,-,-
2027-09-09,645,357,0.0051,168_801.93,33_267_218.94,-,-,-,-
2027-09-10,646,356,0.0051,169_662.82,33_436_881.76,-,-,-,-
2027-09-13,647,355,0.0051,170_528.10,33_607_409.85,-,-,-,-
2027-09-14,648,354,0.0051,171_397.79,33_778_807.64,-,-,-,-
2027-09-15,649,353,0.0051,172_271.92,33_951_079.56,-,-,-,-
2027-09-16,650,352,0.0051,173_150.51,34_124_230.07,-,-,-,-
2027-09-17,651,351,0.0051,174_033.57,34_298_263.64,-,-,-,-
2027-09-20,652,350,0.0051,174_921.14,34_473_184.79,-,-,-,-
2027-09-21,653,349,0.0051,175_813.24,34_648_998.03,-,-,-,-
2027-09-22,654,348,0.0051,176_709.89,34_825_707.92,-,-,-,-
2027-09-23,655,347,0.0051,177_611.11,35_003_319.03,-,-,-,-
2027-09-24,656,346,0.0051,178_516.93,35_181_835.96,-,-,-,-
2027-09-27,657,345,0.0051,179_427.36,35_361_263.32,-,-,-,-
2027-09-28,658,344,0.0051,180_342.44,35_541_605.76,-,-,-,-
2027-09-29,659,343,0.0051,181_262.19,35_722_867.95,-,-,-,-
2027-09-30,660,342,0.0051,182_186.63,35_905_054.58,-,-,-,-
2027-10-01,661,341,0.0051,183_115.78,36_088_170.36,-,-,-,-
2027-10-04,662,340,0.0051,184_049.67,36_272_220.03,-,-,-,-
2027-10-05,663,339,0.0051,184_988.32,36_457_208.35,-,-,-,-
2027-10-06,664,338,0.0051,185_931.76,36_643_140.11,-,-,-,-
2027-10-07,665,337,0.0051,186_880.01,36_830_020.13,-,-,-,-
2027-10-08,666,336,0.0051,187_833.10,37_017_853.23,-,-,-,-
2027-10-11,667,335,0.0051,188_791.05,37_206_644.28,-,-,-,-
2027-10-12,668,334,0.0051,189_753.89,37_396_398.17,-,-,-,-
2027-10-13,669,333,0.0051,190_721.63,37_587_119.80,-,-,-,-
2027-10-14,670,332,0.0051,191_694.31,37_778_814.11,-,-,-,-
2027-10-15,671,331,0.0051,192_671.95,37_971_486.06,-,-,-,-
2027-10-18,672,330,0.0051,193_654.58,38_165_140.64,-,-,-,-
2027-10-19,673,329,0.0051,194_642.22,38_359_782.86,-,-,-,-
2027-10-20,674,328,0.0051,195_634.89,38_555_417.75,-,-,-,-
2027-10-21,675,327,0.0051,196_632.63,38_752_050.38,-,-,-,-
2027-10-22,676,326,0.0051,197_635.46,38_949_685.84,-,-,-,-
2027-10-25,677,325,0.0051,198_643.40,39_148_329.23,-,-,-,-
2027-10-26,678,324,0.0051,199_656.48,39_347_985.71,-,-,-,-
2027-10-27,679,323,0.0051,200_674.73,39_548_660.44,-,-,-,-
2027-10-28,680,322,0.0051,201_698.17,39_750_358.61,-,-,-,-
2027-10-29,681,321,0.0051,202_726.83,39_953_085.44,-,-,-,-
2027-11-01,682,320,0.0051,203_760.74,40_156_846.17,-,-,-,-
2027-11-02,683,319,0.0051,204_799.92,40_361_646.09,-,-,-,-
2027-11-03,684,318,0.0051,205_844.40,40_567_490.48,-,-,-,-
2027-11-04,685,317,0.0051,206_894.20,40_774_384.68,-,-,-,-
2027-11-05,686,316,0.0051,207_949.36,40_982_334.05,-,-,-,-
2027-11-08,687,315,0.0051,209_009.90,41_191_343.95,-,-,-,-
2027-11-09,688,314,0.0051,210_075.85,41_401_419.80,-,-,-,-
2027-11-10,689,313,0.0051,211_147.24,41_612_567.05,-,-,-,-
2027-11-11,690,312,0.0051,212_224.09,41_824_791.14,-,-,-,-
2027-11-12,691,311,0.0051,213_306.43,42_038_097.57,-,-,-,-
2027-11-15,692,310,0.0051,214_394.30,42_252_491.87,-,-,-,-
2027-11-16,693,309,0.0051,215_487.71,42_467_979.58,-,-,-,-
2027-11-17,694,308,0.0051,216_586.70,42_684_566.27,-,-,-,-
2027-11-18,695,307,0.0051,217_691.29,42_902_257.56,-,-,-,-
2027-11-19,696,306,0.0051,218_801.51,43_121_059.08,-,-,-,-
2027-11-22,697,305,0.0051,219_917.40,43_340_976.48,-,-,-,-
2027-11-23,698,304,0.0051,221_038.98,43_562_015.46,-,-,-,-
2027-11-24,699,303,0.0051,222_166.28,43_784_181.74,-,-,-,-
2027-11-25,700,302,0.0051,223_299.33,44_007_481.06,-,-,-,-
2027-11-26,701,301,0.0051,224_438.15,44_231_919.22,-,-,-,-
2027-11-29,702,300,0.0051,225_582.79,44_457_502.00,-,-,-,-
2027-11-30,703,299,0.0051,226_733.26,44_684_235.26,-,-,-,-
2027-12-01,704,298,0.0051,227_889.60,44_912_124.86,-,-,-,-
2027-12-02,705,297,0.0051,229_051.84,45_141_176.70,-,-,-,-
2027-12-03,706,296,0.0051,230_220.00,45_371_396.70,-,-,-,-
2027-12-06,707,295,0.0051,231_394.12,45_602_790.82,-,-,-,-
2027-12-07,708,294,0.0051,232_574.23,45_835_365.06,-,-,-,-
2027-12-08,709,293,0.0051,233_760.36,46_069_125.42,-,-,-,-
2027-12-09,710,292,0.0051,234_952.54,46_304_077.96,-,-,-,-
2027-12-10,711,291,0.0051,236_150.80,46_540_228.76,-,-,-,-
2027-12-13,712,290,0.0051,237_355.17,46_777_583.92,-,-,-,-
2027-12-14,713,289,0.0051,238_565.68,47_016_149.60,-,-,-,-
2027-12-15,714,288,0.0051,239_782.36,47_255_931.96,-,-,-,-
2027-12-16,715,287,0.0051,241_005.25,47_496_937.22,-,-,-,-
2027-12-17,716,286,0.0051,242_234.38,47_739_171.60,-,-,-,-
2027-12-20,717,285,0.0051,243_469.78,47_982_641.37,-,-,-,-
2027-12-21,718,284,0.0051,244_711.47,48_227_352.84,-,-,-,-
2027-12-22,719,283,0.0051,245_959.50,48_473_312.34,-,-,-,-
2027-12-23,720,282,0.0051,247_213.89,48_720_526.24,-,-,-,-
2027-12-24,721,281,0.0051,248_474.68,48_969_000.92,-,-,-,-
2027-12-27,722,280,0.0051,249_741.90,49_218_742.82,-,-,-,-
2027-12-28,723,279,0.0051,251_015.59,49_469_758.41,-,-,-,-
2027-12-29,724,278,0.0051,252_295.77,49_722_054.18,-,-,-,-
2027-12-30,725,277,0.0051,253_582.48,49_975_636.66,-,-,-,-
2027-12-31,726,276,0.0051,254_875.75,50_230_512.40,-,-,-,-
2028-01-03,727,275,0.0051,256_175.61,50_486_688.02,-,-,-,-
2028-01-04,728,274,0.0051,257_482.11,50_744_170.13,-,-,-,-
2028-01-05,729,273,0.0051,258_795.27,51_002_965.39,-,-,-,-
2028-01-06,730,272,0.0051,260_115.12,51_263_080.52,-,-,-,-
2028-01-07,731,271,0.0051,261_441.71,51_524_522.23,-,-,-,-
2028-01-10,732,270,0.0051,262_775.06,51_787_297.29,-,-,-,-
2028-01-11,733,269,0.0051,264_115.22,52_051_412.51,-,-,-,-
2028-01-12,734,268,0.0051,265_462.20,52_316_874.71,-,-,-,-
2028-01-13,735,267,0.0051,266_816.06,52_583_690.77,-,-,-,-
2028-01-14,736,266,0.0051,268_176.82,52_851_867.60,-,-,-,-
2028-01-17,737,265,0.0051,269_544.52,53_121_412.12,-,-,-,-
2028-01-18,738,264,0.0051,270_919.20,53_392_331.32,-,-,-,-
2028-01-19,739,263,0.0051,272_300.89,53_664_632.21,-,-,-,-
2028-01-20,740,262,0.0051,273_689.62,53_938_321.84,-,-,-,-
2028-01-21,741,261,0.0051,275_085.44,54_213_407.28,-,-,-,-
2028-01-24,742,260,0.0051,276_488.38,54_489_895.65,-,-,-,-
2028-01-25,743,259,0.0051,277_898.47,54_767_794.12,-,-,-,-
2028-01-26,744,258,0.0051,279_315.75,55_047_109.87,-,-,-,-
2028-01-27,745,257,0.0051,280_740.26,55_327_850.13,-,-,-,-
2028-01-28,746,256,0.0051,282_172.04,55_610_022.17,-,-,-,-
2028-01-31,747,255,0.0051,283_611.11,55_893_633.28,-,-,-,-
2028-02-01,748,254,0.0051,285_057.53,56_178_690.81,-,-,-,-
2028-02-02,749,253,0.0051,286_511.32,56_465_202.13,-,-,-,-
2028-02-03,750,252,0.0051,287_972.53,56_753_174.67,-,-,-,-
2028-02-04,751,251,0.0051,289_441.19,57_042_615.86,-,-,-,-
2028-02-07,752,250,0.0051,290_917.34,57_333_533.20,-,-,-,-
2028-02-08,753,249,0.0051,292_401.02,57_625_934.22,-,-,-,-
2028-02-09,754,248,0.0051,293_892.26,57_919_826.48,-,-,-,-
2028-02-10,755,247,0.0051,295_391.12,58_215_217.60,-,-,-,-
2028-02-11,756,246,0.0051,296_897.61,58_512_115.21,-,-,-,-
2028-02-14,757,245,0.0051,298_411.79,58_810_526.99,-,-,-,-
2028-02-15,758,244,0.0051,299_933.69,59_110_460.68,-,-,-,-
2028-02-16,759,243,0.0051,301_463.35,59_411_924.03,-,-,-,-
2028-02-17,760,242,0.0051,303_000.81,59_714_924.84,-,-,-,-
2028-02-18,761,241,0.0051,304_546.12,60_019_470.96,-,-,-,-
2028-02-21,762,240,0.0051,306_099.30,60_325_570.26,-,-,-,-
2028-02-22,763,239,0.0051,307_660.41,60_633_230.67,-,-,-,-
2028-02-23,764,238,0.0051,309_229.48,60_942_460.15,-,-,-,-
2028-02-24,765,237,0.0051,310_806.55,61_253_266.69,-,-,-,-
2028-02-25,766,236,0.0051,312_391.66,61_565_658.35,-,-,-,-
2028-02-28,767,235,0.0051,313_984.86,61_879_643.21,-,-,-,-
2028-02-29,768,234,0.0051,315_586.18,62_195_229.39,-,-,-,-
2028-03-01,769,233,0.0051,317_195.67,62_512_425.06,-,-,-,-
2028-03-02,770,232,0.0051,318_813.37,62_831_238.43,-,-,-,-
2028-03-03,771,231,0.0051,320_439.32,63_151_677.74,-,-,-,-
2028-03-06,772,230,0.0051,322_073.56,63_473_751.30,-,-,-,-
2028-03-07,773,229,0.0051,323_716.13,63_797_467.43,-,-,-,-
2028-03-08,774,228,0.0051,325_367.08,64_122_834.52,-,-,-,-
2028-03-09,775,227,0.0051,327_026.46,64_449_860.97,-,-,-,-
2028-03-10,776,226,0.0051,328_694.29,64_778_555.26,-,-,-,-
2028-03-13,777,225,0.0051,330_370.63,65_108_925.90,-,-,-,-
2028-03-14,778,224,0.0051,332_055.52,65_440_981.42,-,-,-,-
2028-03-15,779,223,0.0051,333_749.01,65_774_730.42,-,-,-,-
2028-03-16,780,222,0.0051,335_451.13,66_110_181.55,-,-,-,-
2028-03-17,781,221,0.0051,337_161.93,66_447_343.47,-,-,-,-
2028-03-20,782,220,0.0051,338_881.45,66_786_224.93,-,-,-,-
2028-03-21,783,219,0.0051,340_609.75,67_126_834.67,-,-,-,-
2028-03-22,784,218,0.0051,342_346.86,67_469_181.53,-,-,-,-
2028-03-23,785,217,0.0051,344_092.83,67_813_274.36,-,-,-,-
2028-03-24,786,216,0.0051,345_847.70,68_159_122.05,-,-,-,-
2028-03-27,787,215,0.0051,347_611.52,68_506_733.58,-,-,-,-
2028-03-28,788,214,0.0051,349_384.34,68_856_117.92,-,-,-,-
2028-03-29,789,213,0.0051,351_166.20,69_207_284.12,-,-,-,-
2028-03-30,790,212,0.0051,352_957.15,69_560_241.27,-,-,-,-
2028-03-31,791,211,0.0051,354_757.23,69_914_998.50,-,-,-,-
2028-04-03,792,210,0.0051,356_566.49,70_271_564.99,-,-,-,-
2028-04-04,793,209,0.0051,358_384.98,70_629_949.97,-,-,-,-
2028-04-05,794,208,0.0051,360_212.74,70_990_162.72,-,-,-,-
2028-04-06,795,207,0.0051,362_049.83,71_352_212.55,-,-,-,-
2028-04-07,796,206,0.0051,363_896.28,71_716_108.83,-,-,-,-
2028-04-10,797,205,0.0051,365_752.16,72_081_860.99,-,-,-,-
2028-04-11,798,204,0.0051,367_617.49,72_449_478.48,-,-,-,-
2028-04-12,799,203,0.0051,369_492.34,72_818_970.82,-,-,-,-
2028-04-13,800,202,0.0051,371_376.75,73_190_347.57,-,-,-,-
2028-04-14,801,201,0.0051,373_270.77,73_563_618.34,-,-,-,-
2028-04-17,802,200,0.0051,375_174.45,73_938_792.80,-,-,-,-
2028-04-18,803,199,0.0051,377_087.84,74_315_880.64,-,-,-,-
2028-04-19,804,198,0.0051,379_010.99,74_694_891.63,-,-,-,-
2028-04-20,805,197,0.0051,380_943.95,75_075_835.58,-,-,-,-
2028-04-21,806,196,0.0051,382_886.76,75_458_722.34,-,-,-,-
2028-04-24,807,195,0.0051,384_839.48,75_843_561.82,-,-,-,-
2028-04-25,808,194,0.0051,386_802.17,76_230_363.99,-,-,-,-
2028-04-26,809,193,0.0051,388_774.86,76_619_138.84,-,-,-,-
2028-04-27,810,192,0.0051,390_757.61,77_009_896.45,-,-,-,-
2028-04-28,811,191,0.0051,392_750.47,77_402_646.92,-,-,-,-
2028-05-01,812,190,0.0051,394_753.50,77_797_400.42,-,-,-,-
2028-05-02,813,189,0.0051,396_766.74,78_194_167.17,-,-,-,-
2028-05-03,814,188,0.0051,398_790.25,78_592_957.42,-,-,-,-
2028-05-04,815,187,0.0051,400_824.08,78_993_781.50,-,-,-,-
2028-05-05,816,186,0.0051,402_868.29,79_396_649.79,-,-,-,-
2028-05-08,817,185,0.0051,404_922.91,79_801_572.70,-,-,-,-
2028-05-09,818,184,0.0051,406_988.02,80_208_560.72,-,-,-,-
2028-05-10,819,183,0.0051,409_063.66,80_617_624.38,-,-,-,-
2028-05-11,820,182,0.0051,411_149.88,81_028_774.27,-,-,-,-
2028-05-12,821,181,0.0051,413_246.75,81_442_021.01,-,-,-,-
2028-05-15,822,180,0.0051,415_354.31,81_857_375.32,-,-,-,-
2028-05-16,823,179,0.0051,417_472.61,82_274_847.94,-,-,-,-
2028-05-17,824,178,0.0051,419_601.72,82_694_449.66,-,-,-,-
2028-05-18,825,177,0.0051,421_741.69,83_116_191.35,-,-,-,-
2028-05-19,826,176,0.0051,423_892.58,83_540_083.93,-,-,-,-
2028-05-22,827,175,0.0051,426_054.43,83_966_138.36,-,-,-,-
2028-05-23,828,174,0.0051,428_227.31,84_394_365.66,-,-,-,-
2028-05-24,829,173,0.0051,430_411.26,84_824_776.93,-,-,-,-
2028-05-25,830,172,0.0051,432_606.36,85_257_383.29,-,-,-,-
2028-05-26,831,171,0.0051,434_812.65,85_692_195.94,-,-,-,-
2028-05-29,832,170,0.0051,437_030.20,86_129_226.14,-,-,-,-
2028-05-30,833,169,0.0051,439_259.05,86_568_485.20,-,-,-,-
2028-05-31,834,168,0.0051,441_499.27,87_009_984.47,-,-,-,-
2028-06-01,835,167,0.0051,443_750.92,87_453_735.39,-,-,-,-
2028-06-02,836,166,0.0051,446_014.05,87_899_749.44,-,-,-,-
2028-06-05,837,165,0.0051,448_288.72,88_348_038.17,-,-,-,-
2028-06-06,838,164,0.0051,450_574.99,88_798_613.16,-,-,-,-
2028-06-07,839,163,0.0051,452_872.93,89_251_486.09,-,-,-,-
2028-06-08,840,162,0.0051,455_182.58,89_706_668.67,-,-,-,-
2028-06-09,841,161,0.0051,457_504.01,90_164_172.68,-,-,-,-
2028-06-12,842,160,0.0051,459_837.28,90_624_009.96,-,-,-,-
2028-06-13,843,159,0.0051,462_182.45,91_086_192.41,-,-,-,-
2028-06-14,844,158,0.0051,464_539.58,91_550_731.99,-,-,-,-
2028-06-15,845,157,0.0051,466_908.73,92_017_640.72,-,-,-,-
2028-06-16,846,156,0.0051,469_289.97,92_486_930.69,-,-,-,-
2028-06-19,847,155,0.0051,471_683.35,92_958_614.04,-,-,-,-
2028-06-20,848,154,0.0051,474_088.93,93_432_702.97,-,-,-,-
2028-06-21,849,153,0.0051,476_506.79,93_909_209.75,-,-,-,-
2028-06-22,850,152,0.0051,478_936.97,94_388_146.72,-,-,-,-
2028-06-23,851,151,0.0051,481_379.55,94_869_526.27,-,-,-,-
2028-06-26,852,150,0.0051,483_834.58,95_353_360.86,-,-,-,-
2028-06-27,853,149,0.0051,486_302.14,95_839_663.00,-,-,-,-
2028-06-28,854,148,0.0051,488_782.28,96_328_445.28,-,-,-,-
2028-06-29,855,147,0.0051,491_275.07,96_819_720.35,-,-,-,-
2028-06-30,856,146,0.0051,493_780.57,97_313_500.92,-,-,-,-
2028-07-03,857,145,0.0051,496_298.85,97_809_799.78,-,-,-,-
2028-07-04,858,144,0.0051,498_829.98,98_308_629.76,-,-,-,-
2028-07-05,859,143,0.0051,501_374.01,98_810_003.77,-,-,-,-
2028-07-06,860,142,0.0051,503_931.02,99_313_934.79,-,-,-,-
2028-07-07,861,141,0.0051,506_501.07,99_820_435.85,-,-,-,-
2028-07-10,862,140,0.0051,509_084.22,100_329_520.08,-,-,-,-
2028-07-11,863,139,0.0051,511_680.55,100_841_200.63,-,-,-,-
2028-07-12,864,138,0.0051,514_290.12,101_355_490.75,-,-,-,-
2028-07-13,865,137,0.0051,516_913.00,101_872_403.75,-,-,-,-
2028-07-14,866,136,0.0051,519_549.26,102_391_953.01,-,-,-,-
2028-07-17,867,135,0.0051,522_198.96,102_914_151.97,-,-,-,-
2028-07-18,868,134,0.0051,524_862.18,103_439_014.15,-,-,-,-
2028-07-19,869,133,0.0051,527_538.97,103_966_553.12,-,-,-,-
2028-07-20,870,132,0.0051,530_229.42,104_496_782.54,-,-,-,-
2028-07-21,871,131,0.0051,532_933.59,105_029_716.13,-,-,-,-
2028-07-24,872,130,0.0051,535_651.55,105_565_367.69,-,-,-,-
2028-07-25,873,129,0.0051,538_383.38,106_103_751.06,-,-,-,-
2028-07-26,874,128,0.0051,541_129.13,106_644_880.19,-,-,-,-
2028-07-27,875,127,0.0051,543_888.89,107_188_769.08,-,-,-,-
2028-07-28,876,126,0.0051,546_662.72,107_735_431.80,-,-,-,-
2028-07-31,877,125,0.0051,549_450.70,108_284_882.50,-,-,-,-
2028-08-01,878,124,0.0051,552_252.90,108_837_135.41,-,-,-,-
2028-08-02,879,123,0.0051,555_069.39,109_392_204.80,-,-,-,-
2028-08-03,880,122,0.0051,557_900.24,109_950_105.04,-,-,-,-
2028-08-04,881,121,0.0051,560_745.54,110_510_850.58,-,-,-,-
2028-08-07,882,120,0.0051,563_605.34,111_074_455.91,-,-,-,-
2028-08-08,883,119,0.0051,566_479.73,111_640_935.64,-,-,-,-
2028-08-09,884,118,0.0051,569_368.77,112_210_304.41,-,-,-,-
2028-08-10,885,117,0.0051,572_272.55,112_782_576.96,-,-,-,-
2028-08-11,886,116,0.0051,575_191.14,113_357_768.11,-,-,-,-
2028-08-14,887,115,0.0051,578_124.62,113_935_892.72,-,-,-,-
2028-08-15,888,114,0.0051,581_073.05,114_516_965.78,-,-,-,-
2028-08-16,889,113,0.0051,584_036.53,115_101_002.30,-,-,-,-
2028-08-17,890,112,0.0051,587_015.11,115_688_017.41,-,-,-,-
2028-08-18,891,111,0.0051,590_008.89,116_278_026.30,-,-,-,-
2028-08-21,892,110,0.0051,593_017.93,116_871_044.24,-,-,-,-
2028-08-22,893,109,0.0051,596_042.33,117_467_086.56,-,-,-,-
2028-08-23,894,108,0.0051,599_082.14,118_066_168.70,-,-,-,-
2028-08-24,895,107,0.0051,602_137.46,118_668_306.16,-,-,-,-
2028-08-25,896,106,0.0051,605_208.36,119_273_514.53,-,-,-,-
2028-08-28,897,105,0.0051,608_294.92,119_881_809.45,-,-,-,-
2028-08-29,898,104,0.0051,611_397.23,120_493_206.68,-,-,-,-
2028-08-30,899,103,0.0051,614_515.35,121_107_722.03,-,-,-,-
2028-08-31,900,102,0.0051,617_649.38,121_725_371.41,-,-,-,-
2028-09-01,901,101,0.0051,620_799.39,122_346_170.81,-,-,-,-
2028-09-04,902,100,0.0051,623_965.47,122_970_136.28,-,-,-,-
2028-09-05,903,99,0.0051,627_147.70,123_597_283.97,-,-,-,-
2028-09-06,904,98,0.0051,630_346.15,124_227_630.12,-,-,-,-
2028-09-07,905,97,0.0051,633_560.91,124_861_191.04,-,-,-,-
2028-09-08,906,96,0.0051,636_792.07,125_497_983.11,-,-,-,-
2028-09-11,907,95,0.0051,640_039.71,126_138_022.82,-,-,-,-
2028-09-12,908,94,0.0051,643_303.92,126_781_326.74,-,-,-,-
2028-09-13,909,93,0.0051,646_584.77,127_427_911.51,-,-,-,-
2028-09-14,910,92,0.0051,649_882.35,128_077_793.86,-,-,-,-
2028-09-15,911,91,0.0051,653_196.75,128_730_990.60,-,-,-,-
2028-09-18,912,90,0.0051,656_528.05,129_387_518.66,-,-,-,-
2028-09-19,913,89,0.0051,659_876.35,130_047_395.00,-,-,-,-
2028-09-20,914,88,0.0051,663_241.71,130_710_636.72,-,-,-,-
2028-09-21,915,87,0.0051,666_624.25,131_377_260.96,-,-,-,-
2028-09-22,916,86,0.0051,670_024.03,132_047_284.99,-,-,-,-
2028-09-25,917,85,0.0051,673_441.15,132_720_726.15,-,-,-,-
2028-09-26,918,84,0.0051,676_875.70,133_397_601.85,-,-,-,-
2028-09-27,919,83,0.0051,680_327.77,134_077_929.62,-,-,-,-
2028-09-28,920,82,0.0051,683_797.44,134_761_727.06,-,-,-,-
2028-09-29,921,81,0.0051,687_284.81,135_449_011.87,-,-,-,-
2028-10-02,922,80,0.0051,690_789.96,136_139_801.83,-,-,-,-
2028-10-03,923,79,0.0051,694_312.99,136_834_114.82,-,-,-,-
2028-10-04,924,78,0.0051,697_853.99,137_531_968.81,-,-,-,-
2028-10-05,925,77,0.0051,701_413.04,138_233_381.85,-,-,-,-
2028-10-06,926,76,0.0051,704_990.25,138_938_372.09,-,-,-,-
2028-10-09,927,75,0.0051,708_585.70,139_646_957.79,-,-,-,-
2028-10-10,928,74,0.0051,712_199.48,140_359_157.28,-,-,-,-
2028-10-11,929,73,0.0051,715_831.70,141_074_988.98,-,-,-,-
2028-10-12,930,72,0.0051,719_482.44,141_794_471.42,-,-,-,-
2028-10-13,931,71,0.0051,723_151.80,142_517_623.23,-,-,-,-
2028-10-16,932,70,0.0051,726_839.88,143_244_463.10,-,-,-,-
2028-10-17,933,69,0.0051,730_546.76,143_975_009.87,-,-,-,-
2028-10-18,934,68,0.0051,734_272.55,144_709_282.42,-,-,-,-
2028-10-19,935,67,0.0051,738_017.34,145_447_299.76,-,-,-,-
2028-10-20,936,66,0.0051,741_781.23,146_189_080.99,-,-,-,-
2028-10-23,937,65,0.0051,745_564.31,146_934_645.30,-,-,-,-
2028-10-24,938,64,0.0051,749_366.69,147_684_011.99,-,-,-,-
2028-10-25,939,63,0.0051,753_188.46,148_437_200.45,-,-,-,-
2028-10-26,940,62,0.0051,757_029.72,149_194_230.17,-,-,-,-
2028-10-27,941,61,0.0051,760_890.57,149_955_120.75,-,-,-,-
2028-10-30,942,60,0.0051,764_771.12,150_719_891.86,-,-,-,-
2028-10-31,943,59,0.0051,768_671.45,151_488_563.31,-,-,-,-
2028-11-01,944,58,0.0051,772_591.67,152_261_154.98,-,-,-,-
2028-11-02,945,57,0.0051,776_531.89,153_037_686.88,-,-,-,-
2028-11-03,946,56,0.0051,780_492.20,153_818_179.08,-,-,-,-
2028-11-06,947,55,0.0051,784_472.71,154_602_651.79,-,-,-,-
2028-11-07,948,54,0.0051,788_473.52,155_391_125.32,-,-,-,-
2028-11-08,949,53,0.0051,792_494.74,156_183_620.05,-,-,-,-
2028-11-09,950,52,0.0051,796_536.46,156_980_156.52,-,-,-,-
2028-11-10,951,51,0.0051,800_598.80,157_780_755.32,-,-,-,-
2028-11-13,952,50,0.0051,804_681.85,158_585_437.17,-,-,-,-
2028-11-14,953,49,0.0051,808_785.73,159_394_222.90,-,-,-,-
2028-11-15,954,48,0.0051,812_910.54,160_207_133.43,-,-,-,-
2028-11-16,955,47,0.0051,817_056.38,161_024_189.81,-,-,-,-
2028-11-17,956,46,0.0051,821_223.37,161_845_413.18,-,-,-,-
2028-11-20,957,45,0.0051,825_411.61,162_670_824.79,-,-,-,-
2028-11-21,958,44,0.0051,829_621.21,163_500_446.00,-,-,-,-
2028-11-22,959,43,0.0051,833_852.27,164_334_298.27,-,-,-,-
2028-11-23,960,42,0.0051,838_104.92,165_172_403.19,-,-,-,-
2028-11-24,961,41,0.0051,842_379.26,166_014_782.45,-,-,-,-
2028-11-27,962,40,0.0051,846_675.39,166_861_457.84,-,-,-,-
2028-11-28,963,39,0.0051,850_993.43,167_712_451.27,-,-,-,-
2028-11-29,964,38,0.0051,855_333.50,168_567_784.77,-,-,-,-
2028-11-30,965,37,0.0051,859_695.70,169_427_480.48,-,-,-,-
2028-12-01,966,36,0.0051,864_080.15,170_291_560.63,-,-,-,-
2028-12-04,967,35,0.0051,868_486.96,171_160_047.59,-,-,-,-
2028-12-05,968,34,0.0051,872_916.24,172_032_963.83,-,-,-,-
2028-12-06,969,33,0.0051,877_368.12,172_910_331.95,-,-,-,-
2028-12-07,970,32,0.0051,881_842.69,173_792_174.64,-,-,-,-
2028-12-08,971,31,0.0051,886_340.09,174_678_514.73,-,-,-,-
2028-12-11,972,30,0.0051,890_860.43,175_569_375.15,-,-,-,-
2028-12-12,973,29,0.0051,895_403.81,176_464_778.97,-,-,-,-
2028-12-13,974,28,0.0051,899_970.37,177_364_749.34,-,-,-,-
2028-12-14,975,27,0.0051,904_560.22,178_269_309.56,-,-,-,-
2028-12-15,976,26,0.0051,909_173.48,179_178_483.04,-,-,-,-
2028-12-18,977,25,0.0051,913_810.26,180_092_293.30,-,-,-,-
2028-12-19,978,24,0.0051,918_470.70,181_010_764.00,-,-,-,-
2028-12-20,979,23,0.0051,923_154.90,181_933_918.90,-,-,-,-
2028-12-21,980,22,0.0051,927_862.99,182_861_781.88,-,-,-,-
2028-12-22,981,21,0.0051,932_595.09,183_794_376.97,-,-,-,-
2028-12-25,982,20,0.0051,937_351.32,184_731_728.29,-,-,-,-
2028-12-26,983,19,0.0051,942_131.81,185_673_860.11,-,-,-,-
2028-12-27,984,18,0.0051,946_936.69,186_620_796.79,-,-,-,-
2028-12-28,985,17,0.0051,951_766.06,187_572_562.86,-,-,-,-
2028-12-29,986,16,0.0051,956_620.07,188_529_182.93,-,-,-,-
2029-01-01,987,15,0.0051,961_498.83,189_490_681.76,-,-,-,-
2029-01-02,988,14,0.0051,966_402.48,190_457_084.24,-,-,-,-
2029-01-03,989,13,0.0051,971_331.13,191_428_415.37,-,-,-,-
2029-01-04,990,12,0.0051,976_284.92,192_404_700.29,-,-,-,-
2029-01-05,991,11,0.0051,981_263.97,193_385_964.26,-,-,-,-
2029-01-08,992,10,0.0051,986_268.42,194_372_232.67,-,-,-,-
2029-01-09,993,9,0.0051,991_298.39,195_363_531.06,-,-,-,-
2029-01-10,994,8,0.0051,996_354.01,196_359_885.07,-,-,-,-
2029-01-11,995,7,0.0051,1_001_435.41,197_361_320.48,-,-,-,-
2029-01-12,996,6,0.0051,1_006_542.73,198_367_863.22,-,-,-,-
2029-01-15,997,5,0.0051,1_011_676.10,199_379_539.32,-,-,-,-
2029-01-16,998,4,0.0051,1_016_835.65,200_396_374.97,-,-,-,-
2029-01-17,999,3,0.0051,1_022_021.51,201_418_396.48,-,-,-,-
2029-01-18,1000,2,0.0051,1_027_233.82,202_445_630.31,-,-,-,-
2029-01-19,1001,1,0.0051,1_032_472.71,203_478_103.02,-,-,-,-
